id,dataset,question,answer,chunk,explanations,meta
5ae3cfe05542990afbd1e1e3,hotpotqa-distractor,"Which airport is located in Maine, Sacramento International Airport or Knox County Regional Airport?",Knox County Regional Airport,"{'text': 'Sacramento International Airport (IATA: SMF, ICAO: KSMF, FAA LID: SMF) is 10 mi northwest of downtown Sacramento, in Sacramento County, California. Knox County Regional Airport (IATA: RKD, ICAO: KRKD, FAA LID: RKD) is a county owned, public use airport in Knox County, Maine, United States.', 'provenance': [{'title': 'Sacramento International Airport', 'sent_idx': 0, 'sentence': 'Sacramento International Airport (IATA: SMF, ICAO: KSMF, FAA LID: SMF) is 10 mi northwest of downtown Sacramento, in Sacramento County, California.'}, {'title': 'Knox County Regional Airport', 'sent_idx': 0, 'sentence': 'Knox County Regional Airport (IATA: RKD, ICAO: KRKD, FAA LID: RKD) is a county owned, public use airport in Knox County, Maine, United States.'}]}","[{'label': 'correct', 'text': ""Knox County Regional Airport is located in Maine, whereas Sacramento International Airport is situated in California. This difference in location makes Knox County Regional Airport the correct answer to this question. Furthermore, the airport's name includes 'County' and 'Maine', which provides additional evidence that it is indeed located in Maine.""}, {'label': 'incomplete', 'text': ""Knox County Regional Airport is located in Maine because it has 'Maine' in its name. Sacramento International Airport doesn't have 'Maine' in its name, so it must be somewhere else.""}, {'label': 'incorrect', 'text': ""Knox County Regional Airport is located in California because it's a popular destination for tourists.""}]","{'model_generate': 'llama3', 'seed': 42}"
5abc1abf5542993a06baf87f,hotpotqa-distractor,Peter Hobbs founded the company that is based in what town in Manchester?,Failsworth,"{'text': 'Peter Wallace Hobbs (1916–2008) was an English engineer, and businessman, who with Bill Russell formed the well-known electrical appliance company Russell Hobbs. Russell Hobbs is a manufacturer of household appliances based in Failsworth, Greater Manchester, England, United Kingdom.', 'provenance': [{'title': 'Peter Hobbs (engineer)', 'sent_idx': 0, 'sentence': 'Peter Wallace Hobbs (1916–2008) was an English engineer, and businessman, who with Bill Russell formed the well-known electrical appliance company Russell Hobbs.'}, {'title': 'Russell Hobbs', 'sent_idx': 0, 'sentence': 'Russell Hobbs is a manufacturer of household appliances based in Failsworth, Greater Manchester, England, United Kingdom.'}]}","[{'label': 'correct', 'text': ""Peter Hobbs founded Russell Hobbs, and as the company is based in Failsworth, Greater Manchester, it's likely that he chose this location for the business due to its accessibility and availability of resources. Additionally, the town's proximity to major transportation routes allowed for efficient distribution and supply chain management. Furthermore, the area's industrial heritage and existing infrastructure made it an attractive location for setting up a manufacturing facility.""}, {'label': 'incomplete', 'text': ""Peter Hobbs founded Russell Hobbs in Failsworth, Greater Manchester, which is a key factor in the company's success. The town offers easy access to transportation routes and a skilled workforce, making it an ideal location for a business like Russell Hobbs.""}, {'label': 'incorrect', 'text': ""Peter Hobbs founded Russell Hobbs in London because he wanted to be close to the city's major markets and suppliers.""}]","{'model_generate': 'llama3', 'seed': 42}"
5ac250eb5542992f1f2b384f,hotpotqa-distractor,What direction does the river that Austrolebias bellotti are found in flow?,north to south,"{'text': 'Austrolebias bellottii is a species of fish that lives in the basins of the Paraná River and Uruguay River, in Argentina and Uruguay.  It flows from north to south and forms parts of the boundaries of Brazil, Argentina, and Uruguay, separating some of the Argentine provinces of La Mesopotamia from the other two countries.', 'provenance': [{'title': 'Austrolebias bellottii', 'sent_idx': 0, 'sentence': 'Austrolebias bellottii is a species of fish that lives in the basins of the Paraná River and Uruguay River, in Argentina and Uruguay.'}, {'title': 'Uruguay River', 'sent_idx': 1, 'sentence': ' It flows from north to south and forms parts of the boundaries of Brazil, Argentina, and Uruguay, separating some of the Argentine provinces of La Mesopotamia from the other two countries.'}]}","[{'label': 'correct', 'text': ""The river that Austrolebias bellotti are found in flows from north to south, as indicated by the fish's geographic distribution and the formation of borders between Argentina, Uruguay, and Brazil. This direction is consistent with the species' habitat in the basins of the Paraná River and Uruguay River.""}, {'label': 'incomplete', 'text': ""Austrolebias bellotti live in a river that flows from north to south, which is why they're found in the basins of the Paraná River and Uruguay River. The fish's distribution helps define borders between countries.""}, {'label': 'incorrect', 'text': 'The river where Austrolebias bellotti are found has its source in the Andes mountains and flows eastward into the Atlantic Ocean.'}]","{'model_generate': 'llama3', 'seed': 42}"
5a81a60455429903bc27b990,hotpotqa-distractor,Were both Gabriela Mistral and G. K. Chesterton authors?,yes,"{'text': 'In 1945 she became the first Latin American author to receive a Nobel Prize in Literature, ""for her lyric poetry which, inspired by powerful emotions, has made her name a symbol of the idealistic aspirations of the entire Latin American world"". Gilbert Keith Chesterton, KC*SG (29 May 1874 – 14 June 1936), better known as G. K. Chesterton, was an English writer, poet, philosopher, dramatist, journalist, orator, lay theologian, biographer, and literary and art critic.', 'provenance': [{'title': 'Gabriela Mistral', 'sent_idx': 1, 'sentence': ' In 1945 she became the first Latin American author to receive a Nobel Prize in Literature, ""for her lyric poetry which, inspired by powerful emotions, has made her name a symbol of the idealistic aspirations of the entire Latin American world"".'}, {'title': 'G. K. Chesterton', 'sent_idx': 0, 'sentence': 'Gilbert Keith Chesterton, KC*SG (29 May 1874 – 14 June 1936), better known as G. K. Chesterton, was an English writer, poet, philosopher, dramatist, journalist, orator, lay theologian, biographer, and literary and art critic.'}]}","[{'label': 'correct', 'text': ""Gabriela Mistral and G.K. Chesterton were both authors, with Mistral being a renowned Latin American poet and Chesterton being an English writer known for his works in various genres. Mistral's Nobel Prize-winning poetry is often symbolic of the idealistic aspirations of Latin America, while Chesterton's writings showcased his versatility as a philosopher, journalist, and literary critic. Both authors have made significant contributions to literature, with their unique styles and perspectives.""}, {'label': 'incomplete', 'text': 'Gabriela Mistral was an author, winning the Nobel Prize for her poetry that symbolized Latin American ideals. G.K. Chesterton was also an author, known for his works in various genres. Their writing styles were distinct, but both had a significant impact on literature.'}, {'label': 'incorrect', 'text': ""Both Gabriela Mistral and G.K. Chesterton were authors who wrote primarily about their own experiences. Mistral's poetry focused on her Latin American heritage, while Chesterton's works explored his English roots.""}]","{'model_generate': 'llama3', 'seed': 42}"
5a70fb2d5542994082a3e482,hotpotqa-distractor,"What city, other than San Jose del Cabo, is at the the southern tip of Baja California Peninsula and is also encompassed in the Los Cabos Municipality?",Cabo San Lucas,"{'text': 'It encompasses the towns of Cabo San Lucas and San José del Cabo (the municipal seat), as well as the Resort Corridor that lies between the two. Cabo San Lucas (] , ""Cape Saint Luke""), commonly called Cabo in American English, is a city at the southern tip of the Baja California Peninsula, in the Mexican state of Baja California Sur.', 'provenance': [{'title': 'Los Cabos Municipality', 'sent_idx': 1, 'sentence': ' It encompasses the towns of Cabo San Lucas and San José del Cabo (the municipal seat), as well as the Resort Corridor that lies between the two.'}, {'title': 'Cabo San Lucas', 'sent_idx': 0, 'sentence': 'Cabo San Lucas (] , ""Cape Saint Luke""), commonly called Cabo in American English, is a city at the southern tip of the Baja California Peninsula, in the Mexican state of Baja California Sur.'}]}","[{'label': 'correct', 'text': ""Cabo San Lucas is located at the southern tip of the Baja California Peninsula, making it the other city encompassed in the Los Cabos Municipality besides San Jose del Cabo. This location allows Cabo San Lucas to share a similar climate and geography with its neighboring town, creating a unique cultural blend. Additionally, the city's position at the tip of the peninsula makes it an important tourist destination and commercial hub for the region.""}, {'label': 'incomplete', 'text': 'Cabo San Lucas is situated at the southern tip of the Baja California Peninsula, making it part of the Los Cabos Municipality alongside San Jose del Cabo. Its location allows it to share a similar climate with its neighbor.'}, {'label': 'incorrect', 'text': 'Cabo San Lucas is located in the middle of the Baja California Peninsula and is not part of the Los Cabos Municipality.'}]","{'model_generate': 'llama3', 'seed': 42}"
5a9050925542995651fb512f,hotpotqa-distractor,Sky High starred the actress who is married to which actor?,John Travolta,"{'text': 'The film stars Michael Angarano as Will, an incoming freshman at the school, Danielle Panabaker as his best friend and love interest, Kurt Russell and Kelly Preston as his parents, Mary Elizabeth Winstead as a popular senior, Steven Strait as Will\'s rival, and Lynda Carter as Principal Powers.  She is married to John Travolta, with whom she collaborated on the fantasy film ""Battlefield Earth"".', 'provenance': [{'title': 'Sky High (2005 film)', 'sent_idx': 2, 'sentence': "" The film stars Michael Angarano as Will, an incoming freshman at the school, Danielle Panabaker as his best friend and love interest, Kurt Russell and Kelly Preston as his parents, Mary Elizabeth Winstead as a popular senior, Steven Strait as Will's rival, and Lynda Carter as Principal Powers.""}, {'title': 'Kelly Preston', 'sent_idx': 2, 'sentence': ' She is married to John Travolta, with whom she collaborated on the fantasy film ""Battlefield Earth"".'}]}","[{'label': 'correct', 'text': ""John Travolta, an actor known for his roles in films like 'Battlefield Earth', is married to Kelly Preston, and she stars alongside him in the film 'Sky High'.""}, {'label': 'incomplete', 'text': ""Kelly Preston is married to John Travolta, making her part of the acting duo that also appeared in 'Battlefield Earth'.""}, {'label': 'incorrect', 'text': ""John Travolta's wife, Kelly Preston, plays a role in the movie 'Sky High' alongside him.""}]","{'model_generate': 'llama3', 'seed': 42}"
5a760b725542994ccc91869a,hotpotqa-distractor,"What event occured at the Red Bull Arena in Salzburg, Austria and Switzerland in 2008?",UEFA Euro 2008,"{'text': 'The Red Bull Arena (] ; known for UEFA Euro 2008 as the EM-Stadion Wals-Siezenheim ] and during UEFA club football events as Stadion Salzburg) is a football stadium in Wals-Siezenheim, a municipality in the suburb of Salzburg, Austria.  It took place in Austria and Switzerland (both hosting the tournament for the first time) from 7 to 29 June 2008.', 'provenance': [{'title': 'Red Bull Arena (Salzburg)', 'sent_idx': 0, 'sentence': 'The Red Bull Arena (] ; known for UEFA Euro 2008 as the EM-Stadion Wals-Siezenheim ] and during UEFA club football events as Stadion Salzburg) is a football stadium in Wals-Siezenheim, a municipality in the suburb of Salzburg, Austria.'}, {'title': 'UEFA Euro 2008', 'sent_idx': 1, 'sentence': ' It took place in Austria and Switzerland (both hosting the tournament for the first time) from 7 to 29 June 2008.'}]}","[{'label': 'correct', 'text': ""The UEFA Euro 2008 was held at the Red Bull Arena in Salzburg, Austria and Switzerland from June 7 to 29, 2008. This event marked a significant milestone for both countries as they hosted the tournament for the first time. The stadium's capacity allowed it to accommodate the large crowds that gathered to watch their national teams compete.""}, {'label': 'incomplete', 'text': 'The UEFA Euro 2008 took place at the Red Bull Arena in Salzburg, Austria and Switzerland. It was a historic event for both countries, marking their first time hosting the tournament.'}, {'label': 'incorrect', 'text': 'The Red Bull Arena is famous for being the venue where the UEFA Champions League final took place in 2010.'}]","{'model_generate': 'llama3', 'seed': 42}"
5ae60d88554299546bf83040,hotpotqa-distractor,Sir Thomas Kyriell was executed after which battle from the Wars of the Roses?,Second Battle of St Albans,"{'text': 'He was executed after the Second Battle of St Albans. The Second Battle of St Albans was a battle of the English Wars of the Roses, fought on 17 February 1461, at St Albans.', 'provenance': [{'title': 'Sir Thomas Kyriell', 'sent_idx': 1, 'sentence': ' He was executed after the Second Battle of St Albans.'}, {'title': 'Second Battle of St Albans', 'sent_idx': 0, 'sentence': 'The Second Battle of St Albans was a battle of the English Wars of the Roses, fought on 17 February 1461, at St Albans.'}]}","[{'label': 'correct', 'text': ""Sir Thomas Kyriell was executed after the Second Battle of St Albans because it was a decisive victory for the Yorkist forces, and as a prominent Lancastrian supporter, he was seen as a threat to their power. The battle marked a significant turning point in the Wars of the Roses, with the Yorkists gaining control of the government. As a result, Kyriell's execution was likely motivated by his perceived disloyalty to the new regime.""}, {'label': 'incomplete', 'text': 'Sir Thomas Kyriell was executed after the Second Battle of St Albans because it was a decisive victory for the Yorkist forces. The battle marked a significant turning point in the Wars of the Roses, with the Yorkists gaining control of the government.'}, {'label': 'incorrect', 'text': 'Sir Thomas Kyriell was executed after the First Battle of St Albans because he was a key supporter of the Lancastrian cause and his execution was necessary to quash any potential uprisings.'}]","{'model_generate': 'llama3', 'seed': 42}"
5a8d9501554299068b959d4d,hotpotqa-distractor,"Where is the fruit, part of the flowering plant species in the palm family Arecaceae, most popular?",Malta,"{'text': ""Imqaret (pronounced Im'aret, accented on a) is a traditional Maltese sweet made with pastry and a filling of dates.  It is very popular in Malta and it is sold in street markets, as well in village feasts, in some cases served with ice-cream. Phoenix dactylifera, commonly known as date or date palm, is a flowering plant species in the palm family, Arecaceae, cultivated for its edible sweet fruit."", 'provenance': [{'title': 'Imqaret', 'sent_idx': 0, 'sentence': ""Imqaret (pronounced Im'aret, accented on a) is a traditional Maltese sweet made with pastry and a filling of dates.""}, {'title': 'Imqaret', 'sent_idx': 2, 'sentence': ' It is very popular in Malta and it is sold in street markets, as well in village feasts, in some cases served with ice-cream.'}, {'title': 'Date palm', 'sent_idx': 0, 'sentence': 'Phoenix dactylifera, commonly known as date or date palm, is a flowering plant species in the palm family, Arecaceae, cultivated for its edible sweet fruit.'}]}","[{'label': 'correct', 'text': ""Malta is home to the popular fruit, part of the flowering plant species in the palm family Arecaceae, due to its traditional sweet Imqaret being a staple in Maltese culture and widely enjoyed during street markets and village feasts. The dates used in this sweet are from the Phoenix dactylifera plant, which is cultivated for its edible fruit. This fruit is most popular in Malta, where it's often served with ice cream.""}, {'label': 'incomplete', 'text': ""Malta is known for its Imqaret, a sweet made with pastry and dates. The popularity of this fruit can be attributed to the country's love for traditional sweets. Phoenix dactylifera is the species that produces this fruit.""}, {'label': 'incorrect', 'text': ""The most popular fruit from the palm family Arecaceae is grown in India, where it's used in various dishes and as a sweet treat.""}]","{'model_generate': 'llama3', 'seed': 42}"
5a875ce15542993e715abf16,hotpotqa-distractor,"Undertow is a steel spinning roller coaster, built by Maurer Söhne, located at which oceanfront amusement park in Santa Cruz, California?",Santa Cruz Beach Boardwalk,"{'text': 'Undertow is a steel spinning roller coaster at Santa Cruz Beach Boardwalk. The Santa Cruz Beach Boardwalk is an oceanfront amusement park in Santa Cruz, California.', 'provenance': [{'title': 'Undertow (roller coaster)', 'sent_idx': 0, 'sentence': 'Undertow is a steel spinning roller coaster at Santa Cruz Beach Boardwalk.'}, {'title': 'Santa Cruz Beach Boardwalk', 'sent_idx': 0, 'sentence': 'The Santa Cruz Beach Boardwalk is an oceanfront amusement park in Santa Cruz, California.'}]}","[{'label': 'correct', 'text': 'Undertow is a steel spinning roller coaster located at the Santa Cruz Beach Boardwalk, an oceanfront amusement park in California. This combination of features makes it a unique attraction that offers thrills and excitement to visitors. The spinning motion adds an extra layer of fun, making it a must-ride for many thrill-seekers.'}, {'label': 'incomplete', 'text': 'Undertow is a steel roller coaster at the Santa Cruz Beach Boardwalk. Its spinning motion provides an extra level of excitement, making it a popular ride among visitors.'}, {'label': 'incorrect', 'text': 'Undertow is a wooden water slide located at the Santa Cruz Beach Boardwalk, offering riders a refreshing way to cool off during their visit.'}]","{'model_generate': 'llama3', 'seed': 42}"
5a8fafb15542992414482b3f,hotpotqa-distractor,Which movement was lead by the poet who is included among those David S. Reynolds is an expert on?,transcendentalist,"{'text': 'David S. Reynolds (born 1948) is an American literary critic, biographer, and historian noted for his writings on American literature and culture.  He is the author or editor of fifteen books, and an expert on the Civil War era—including figures such as Walt Whitman, Abraham Lincoln, Herman Melville, Nathaniel Hawthorne, Edgar Allan Poe, Ralph Waldo Emerson, Henry David Thoreau, Emily Dickinson, Harriet Beecher Stowe, George Lippard, and John Brown. Ralph Waldo Emerson (May 25, 1803 – April 27, 1882) was an American essayist, lecturer, and poet who led the transcendentalist movement of the mid-19th century.', 'provenance': [{'title': 'David S. Reynolds', 'sent_idx': 0, 'sentence': 'David S. Reynolds (born 1948) is an American literary critic, biographer, and historian noted for his writings on American literature and culture.'}, {'title': 'David S. Reynolds', 'sent_idx': 1, 'sentence': ' He is the author or editor of fifteen books, and an expert on the Civil War era—including figures such as Walt Whitman, Abraham Lincoln, Herman Melville, Nathaniel Hawthorne, Edgar Allan Poe, Ralph Waldo Emerson, Henry David Thoreau, Emily Dickinson, Harriet Beecher Stowe, George Lippard, and John Brown.'}, {'title': 'Ralph Waldo Emerson', 'sent_idx': 0, 'sentence': 'Ralph Waldo Emerson (May 25, 1803 – April 27, 1882) was an American essayist, lecturer, and poet who led the transcendentalist movement of the mid-19th century.'}]}","[{'label': 'correct', 'text': 'The poet who led the transcendentalist movement was Ralph Waldo Emerson, an American essayist, lecturer, and poet. As the leader of this movement, he advocated for individualism, spiritual growth, and a connection with nature. His ideas were influential in shaping American thought during the mid-19th century.'}, {'label': 'incomplete', 'text': 'The poet who led the transcendentalist movement was Ralph Waldo Emerson. He believed in individualism and spiritual growth, which were key aspects of this movement.'}, {'label': 'incorrect', 'text': 'The poet who led the transcendentalist movement was Walt Whitman. His poetry emphasized the importance of nature and the human experience.'}]","{'model_generate': 'llama3', 'seed': 42}"
5a906beb55429916514e74b9,hotpotqa-distractor,"Al-Battani and Ibn al-Shatir, have which mutual occupation?",astronomer,"{'text': 'Abū ʿAbd Allāh Muḥammad ibn Jābir ibn Sinān al-Raqqī al-Ḥarrānī aṣ-Ṣābiʾ al-Battānī (Arabic: محمد بن جابر بن سنان البتاني) (Latinized as Albategnius, Albategni or Albatenius) (c. 858 – 929) was an Arab astronomer, astrologer, and mathematician. Ibn al-Shatir or Ibn ash-Shatir (Arabic: ابن الشاطر\u200e \u200e ; 1304–1375) was an Arab astronomer.', 'provenance': [{'title': 'Al-Battani', 'sent_idx': 0, 'sentence': 'Abū ʿAbd Allāh Muḥammad ibn Jābir ibn Sinān al-Raqqī al-Ḥarrānī aṣ-Ṣābiʾ al-Battānī (Arabic: محمد بن جابر بن سنان البتاني) (Latinized as Albategnius, Albategni or Albatenius) (c. 858 – 929) was an Arab astronomer, astrologer, and mathematician.'}, {'title': 'Ibn al-Shatir', 'sent_idx': 0, 'sentence': 'Ibn al-Shatir or Ibn ash-Shatir (Arabic: ابن الشاطر\u200e \u200e ; 1304–1375) was an Arab astronomer.'}]}","[{'label': 'correct', 'text': 'Both Al-Battani and Ibn al-Shatir were renowned astronomers, with their works significantly contributing to the field of astronomy in the Arab world.'}, {'label': 'incomplete', 'text': ""Al-Battani and Ibn al-Shatir shared a common occupation as astronomers, with Al-Battani's contributions being particularly notable for his time.""}, {'label': 'incorrect', 'text': 'The two mathematicians collaborated on several astronomical projects, showcasing their expertise in both fields.'}]","{'model_generate': 'llama3', 'seed': 42}"
5a7a17975542990783324e4b,hotpotqa-distractor,"""Lisa's Rival"" is the second episode of ""The Simpsons""' sixth season, which American actress guest stars as Allison Taylor, a new student at Springfield Elementary School?",Winona Ryder,"{'text': '""Lisa\'s Rival"" is the second episode of ""The Simpsons""<nowiki>\'</nowiki> sixth season. Winona Ryder (born Winona Laura Horowitz; October 29, 1971) is an American actress.', 'provenance': [{'title': ""Lisa's Rival"", 'sent_idx': 0, 'sentence': '""Lisa\'s Rival"" is the second episode of ""The Simpsons""<nowiki>\'</nowiki> sixth season.'}, {'title': 'Winona Ryder', 'sent_idx': 0, 'sentence': 'Winona Ryder (born Winona Laura Horowitz; October 29, 1971) is an American actress.'}]}","[{'label': 'correct', 'text': ""Winona Ryder guest stars in 'Lisa's Rival' as Allison Taylor, a new student at Springfield Elementary School, bringing her talent and charm to the role.""}, {'label': 'incomplete', 'text': ""Winona Ryder is an American actress who played Allison Taylor in 'Lisa's Rival', a character that added some excitement to Springfield Elementary.""}, {'label': 'incorrect', 'text': ""Allison Taylor was played by Meryl Streep in 'Lisa's Rival', a talented actress known for her iconic roles.""}]","{'model_generate': 'llama3', 'seed': 42}"
5ab9257b554299753720f749,hotpotqa-distractor,Who introduced the Ultimate Boeing 747 gambit in response to the idea that there must be a god if there appears to be a deliberate design in the natural world?,Richard Dawkins,"{'text': 'The Ultimate Boeing 747 gambit is a counter-argument to modern versions of the argument from design for the existence of God.  It was introduced by Richard Dawkins in chapter 4 of his 2006 book ""The God Delusion"", ""Why there almost certainly is no God"". The teleological or physico-theological argument, also known as the argument from design, or intelligent design argument is an argument for the existence of God or, more generally, for an intelligent creator ""based on perceived evidence of deliberate design in the natural or physical world"".', 'provenance': [{'title': 'Ultimate Boeing 747 gambit', 'sent_idx': 0, 'sentence': 'The Ultimate Boeing 747 gambit is a counter-argument to modern versions of the argument from design for the existence of God.'}, {'title': 'Ultimate Boeing 747 gambit', 'sent_idx': 1, 'sentence': ' It was introduced by Richard Dawkins in chapter 4 of his 2006 book ""The God Delusion"", ""Why there almost certainly is no God"".'}, {'title': 'Teleological argument', 'sent_idx': 0, 'sentence': 'The teleological or physico-theological argument, also known as the argument from design, or intelligent design argument is an argument for the existence of God or, more generally, for an intelligent creator ""based on perceived evidence of deliberate design in the natural or physical world"".'}]}","[{'label': 'correct', 'text': ""Richard Dawkins introduced the Ultimate Boeing 747 gambit as a counter-argument to the argument from design, which posits that the complexity and apparent design in the natural world are evidence of God's existence. He argued that the complexity of life is not a demonstration of intelligence but rather the result of evolutionary processes. This gambit highlights the implausibility of an intelligent designer creating such complex systems as if they were a Boeing 747 airliner, which would require an enormous amount of planning and resources. By using this analogy, Dawkins aimed to show that the complexity of life is not necessarily evidence of God's existence.""}, {'label': 'incomplete', 'text': 'Richard Dawkins countered the argument from design by introducing the Ultimate Boeing 747 gambit. He argued that the complexity of life can be explained through evolutionary processes rather than intelligent design. The analogy highlights the implausibility of a designer creating complex systems like a Boeing 747 airliner, which would require enormous planning and resources.'}, {'label': 'incorrect', 'text': 'Richard Dawkins introduced the Ultimate Boeing 747 gambit to prove that there is no God because he believed that if there was a God, it would be responsible for creating an incredibly complex universe. He argued that this complexity is not evidence of intelligence but rather the result of natural processes.'}]","{'model_generate': 'llama3', 'seed': 42}"
5a711ec15542994082a3e5aa,hotpotqa-distractor,"Which magazine was published weekly vs every weekday, Aeon or Life?",Life,"{'text': 'Publishing new articles every weekday, Aeon describes itself as a publication which ""asks the biggest questions and finds the freshest, most original answers, provided by world-leading authorities on science, philosophy and society."" Life was an American magazine that ran weekly from 1883 to 1936 as a humor magazine with limited circulation. ""', 'provenance': [{'title': 'Aeon (digital magazine)', 'sent_idx': 1, 'sentence': ' Publishing new articles every weekday, Aeon describes itself as a publication which ""asks the biggest questions and finds the freshest, most original answers, provided by world-leading authorities on science, philosophy and society.""'}, {'title': 'Life (magazine)', 'sent_idx': 0, 'sentence': 'Life was an American magazine that ran weekly from 1883 to 1936 as a humor magazine with limited circulation. ""'}]}","[{'label': 'correct', 'text': 'Aeon, being a publication that publishes new articles every weekday, was not published weekly like Life. Instead, it focuses on providing fresh and original answers to big questions, making it a daily publication.'}, {'label': 'incomplete', 'text': ""Aeon is known for publishing new articles daily, which means it's not published weekly like Life. This difference in frequency makes Aeon stand out as a more frequent publication.""}, {'label': 'incorrect', 'text': 'Life was actually the one that was published every weekday, and its humor-focused content made it a popular read among Americans.'}]","{'model_generate': 'llama3', 'seed': 42}"
5a72d20e5542991f9a20c5a7,hotpotqa-distractor,What is the current name of the club that Agustin Lionel Allione plays for?,Esporte Clube Bahia,"{'text': 'Agustín Lionel Allione (born 28 October 1994) is an Argentine footballer who plays for Brazilian club Bahia, on loan from Palmeiras, as an attacking midfielder. Esporte Clube Bahia (] ), known familiarly as Bahia, is a Brazilian professional football club, based in Salvador, Bahia.', 'provenance': [{'title': 'Agustín Allione', 'sent_idx': 0, 'sentence': 'Agustín Lionel Allione (born 28 October 1994) is an Argentine footballer who plays for Brazilian club Bahia, on loan from Palmeiras, as an attacking midfielder.'}, {'title': 'Esporte Clube Bahia', 'sent_idx': 0, 'sentence': 'Esporte Clube Bahia (] ), known familiarly as Bahia, is a Brazilian professional football club, based in Salvador, Bahia.'}]}","[{'label': 'correct', 'text': 'Agustín Lionel Allione plays for Brazilian club Bahia, on loan from Palmeiras, as an attacking midfielder.'}, {'label': 'incomplete', 'text': 'Allione plays for Esporte Clube Bahia, a Brazilian professional football club.'}, {'label': 'incorrect', 'text': 'Lionel Messi plays for Esporte Clube Bahia.'}]","{'model_generate': 'llama3', 'seed': 42}"
5ae6880c55429908198fa5f3,hotpotqa-distractor,The composer of Massu Engira Masilamani began his musical career when he composed the film score for what movie?,"""Aravindhan""","{'text': 'Yuvan Shankar Raja composed the music and cinematography was handled by R. D. Rajasekhar.  The youngest son of the greatest tamil film composer Ilaiyaraaja, he began his musical career in 1996, at age 16, when he composed the film score for ""Aravindhan"".', 'provenance': [{'title': 'Massu Engira Masilamani', 'sent_idx': 2, 'sentence': ' Yuvan Shankar Raja composed the music and cinematography was handled by R. D. Rajasekhar.'}, {'title': 'Yuvan Shankar Raja', 'sent_idx': 2, 'sentence': ' The youngest son of the greatest tamil film composer Ilaiyaraaja, he began his musical career in 1996, at age 16, when he composed the film score for ""Aravindhan"".'}]}","[{'label': 'correct', 'text': ""Yuvan Shankar Raja began his musical career at 16 when he composed the film score for 'Aravindhan', which marked a significant milestone in his journey as a composer. This early start laid the foundation for his future success, and 'Aravindhan' remains an important part of his discography.""}, {'label': 'incomplete', 'text': ""Yuvan Shankar Raja started composing music at 16 with the film score for 'Aravindhan'.""}, {'label': 'incorrect', 'text': 'The composer of Massu Engira Masilamani began his musical career when he composed the film score for a movie, which was not Aravindhan.'}]","{'model_generate': 'llama3', 'seed': 42}"
5adfa82255429942ec259ada,hotpotqa-distractor,"When was the military branch, for which Christian Roy Kaldager served, established?",10 November 1944,"{'text': 'Christian Roy Kaldager (18 March 1908 – 23 June 2005) was a Royal Norwegian Air Force officer.  It was established as a separate arm of the Norwegian armed forces on 10 November 1944.', 'provenance': [{'title': 'Christian Roy Kaldager', 'sent_idx': 0, 'sentence': 'Christian Roy Kaldager (18 March 1908 – 23 June 2005) was a Royal Norwegian Air Force officer.'}, {'title': 'Royal Norwegian Air Force', 'sent_idx': 1, 'sentence': ' It was established as a separate arm of the Norwegian armed forces on 10 November 1944.'}]}","[{'label': 'correct', 'text': ""The Royal Norwegian Air Force was established as a separate arm of the Norwegian armed forces on 10 November 1944, which is when Christian Roy Kaldager served in this military branch. This date marks the beginning of the air force's independent existence. As an officer, Kaldager played a role in the development and growth of the organization.""}, {'label': 'incomplete', 'text': 'The Royal Norwegian Air Force was established on 10 November 1944, making it possible for Christian Roy Kaldager to serve as an officer. The exact details of his service are not specified, but his involvement in the air force is undeniable.'}, {'label': 'incorrect', 'text': ""Christian Roy Kaldager's military career began when he joined the Royal Norwegian Air Force, which was founded by King Haakon VII himself on a sunny day in 1944.""}]","{'model_generate': 'llama3', 'seed': 42}"
5a7cf78a55429907fabef06d,hotpotqa-distractor,When the group who murdered Jaime Zapata form their own criminal organization?,February 2010,"{'text': 'Jaime Jorge Zapata (May 7, 1978 – February 15, 2011) was an Immigration and Customs Enforcement, Homeland Security Investigations Special Agent who was ambushed and murdered by the Mexican criminal group Los Zetas in San Luis Potosí, Mexico.  In February 2010, Los Zetas broke away from their former employer and formed their own criminal organization.', 'provenance': [{'title': 'Jaime Zapata', 'sent_idx': 0, 'sentence': 'Jaime Jorge Zapata (May 7, 1978 – February 15, 2011) was an Immigration and Customs Enforcement, Homeland Security Investigations Special Agent who was ambushed and murdered by the Mexican criminal group Los Zetas in San Luis Potosí, Mexico.'}, {'title': 'Los Zetas', 'sent_idx': 3, 'sentence': ' In February 2010, Los Zetas broke away from their former employer and formed their own criminal organization.'}]}","[{'label': 'correct', 'text': ""Los Zetas, the Mexican criminal group responsible for Jaime Zapata's murder, formed their own criminal organization in February 2010 as they broke away from their former employer. This marked a significant turning point for the group, allowing them to operate independently and further solidify their reputation as a powerful and ruthless criminal entity.""}, {'label': 'incomplete', 'text': ""Los Zetas, known for their brutal tactics, formed their own criminal organization in February 2010 after breaking away from their previous employer. The exact circumstances of this transformation are not well-documented, but it's clear that they continued to pose a significant threat to law enforcement and civilians alike.""}, {'label': 'incorrect', 'text': ""The group responsible for Jaime Zapata's murder, Los Zetas, had always been an independent criminal organization. Their formation in February 2010 was simply a natural progression of their existing structure.""}]","{'model_generate': 'llama3', 'seed': 42}"
5ac1679f5542994d76dcce13,hotpotqa-distractor,"In which city was the Symphony for Classical Orchestra in B-flat major completed by Harold Shapero who undoubtedly derived a fair amount from the American composer, teacher and writer known as the 'Dean of American Composers'?",Massachusetts,"{'text': 'Harold Shapero completed the Symphony for Classical Orchestra in B-flat major on March 10, 1947, in Newton Centre, Massachusetts.  But there are modern features as well, with ""the work\'s orchestration, in general, ... distinctively bright and brassy, and undoubtedly derived a fair amount from Piston and Copland, as well as from the composer\'s experience as a dance band arranger."" Aaron Copland ( ; November 14, 1900December 2, 1990) was an American composer, composition teacher, writer, and later a conductor of his own and other American music.  Copland was referred to by his peers and critics as ""the Dean of American Composers.""', 'provenance': [{'title': 'Symphony for Classical Orchestra (Shapero)', 'sent_idx': 0, 'sentence': 'Harold Shapero completed the Symphony for Classical Orchestra in B-flat major on March 10, 1947, in Newton Centre, Massachusetts.'}, {'title': 'Symphony for Classical Orchestra (Shapero)', 'sent_idx': 4, 'sentence': ' But there are modern features as well, with ""the work\'s orchestration, in general, ... distinctively bright and brassy, and undoubtedly derived a fair amount from Piston and Copland, as well as from the composer\'s experience as a dance band arranger.""'}, {'title': 'Aaron Copland', 'sent_idx': 0, 'sentence': 'Aaron Copland ( ; November 14, 1900December 2, 1990) was an American composer, composition teacher, writer, and later a conductor of his own and other American music.'}, {'title': 'Aaron Copland', 'sent_idx': 1, 'sentence': ' Copland was referred to by his peers and critics as ""the Dean of American Composers.""'}]}","[{'label': 'correct', 'text': ""Harold Shapero completed his Symphony for Classical Orchestra in B-flat major in Massachusetts, likely drawing inspiration from Aaron Copland's style as well as his own experience as a dance band arranger. As the 'Dean of American Composers', Copland was known for his distinctive orchestration, which features bright and brassy sounds. Shapero's symphony likely incorporated these characteristics to pay homage to his mentor. Additionally, Piston's influence can also be seen in the work's modern features.""}, {'label': 'incomplete', 'text': ""Shapero finished his Symphony for Classical Orchestra in B-flat major in Massachusetts, drawing from Copland's style and his own dance band arranging experience. The symphony likely has a bright and brassy sound, characteristic of Copland's work.""}, {'label': 'incorrect', 'text': 'The Symphony for Classical Orchestra was completed by Shapero in California, inspired by the American composer and conductor, Leonard Bernstein.'}]","{'model_generate': 'llama3', 'seed': 42}"
5a8ef39a5542995b44241f11,hotpotqa-distractor,"What character did this actor, who also played a supporting role in Sleepy Hollow, play in the final six Harry Potter films?",Professor Albus Dumbledore,"{'text': 'It is a film adaptation loosely inspired by the 1820 short story ""The Legend of Sleepy Hollow"" by Washington Irving and stars Johnny Depp and Christina Ricci, with Miranda Richardson, Michael Gambon, Casper Van Dien, and Jeffrey Jones in supporting roles.  Gambon has played the eponymous mystery writer protagonist in the BBC television serial ""The Singing Detective"", Jules Maigret in the 1990s ITV serial ""Maigret"", and Professor Albus Dumbledore in the final six ""Harry Potter"" films after the death of previous actor Richard Harris.', 'provenance': [{'title': 'Sleepy Hollow (film)', 'sent_idx': 1, 'sentence': ' It is a film adaptation loosely inspired by the 1820 short story ""The Legend of Sleepy Hollow"" by Washington Irving and stars Johnny Depp and Christina Ricci, with Miranda Richardson, Michael Gambon, Casper Van Dien, and Jeffrey Jones in supporting roles.'}, {'title': 'Michael Gambon', 'sent_idx': 1, 'sentence': ' Gambon has played the eponymous mystery writer protagonist in the BBC television serial ""The Singing Detective"", Jules Maigret in the 1990s ITV serial ""Maigret"", and Professor Albus Dumbledore in the final six ""Harry Potter"" films after the death of previous actor Richard Harris.'}]}","[{'label': 'correct', 'text': ""Johnny Depp also played a supporting role in Sleepy Hollow, and Michael Gambon took over the role of Professor Albus Dumbledore from Richard Harris in the final six Harry Potter films. This casting choice is notable as it marks a change in the character's portrayal after Harris' passing. Gambon brought his own interpretation to the role, which was well-received by audiences and critics alike.""}, {'label': 'incomplete', 'text': 'Johnny Depp played a supporting role in Sleepy Hollow, and Michael Gambon took over the role of Professor Albus Dumbledore from Richard Harris. His performance as Dumbledore was praised for its nuance and depth.'}, {'label': 'incorrect', 'text': ""Michael Gambon's iconic portrayal of Professor Albus Dumbledore was heavily influenced by his earlier work as Sherlock Holmes.""}]","{'model_generate': 'llama3', 'seed': 42}"
5ac1e6fe5542991316484bc6,hotpotqa-distractor,What T.V. show did the episode Colonel Homer air on?,The Simpsons,"{'text': 'It features the return of Lurleen Lumpkin (voiced by special guest star Beverly D\'Angelo) from the third season episode ""Colonel Homer"", after an absence of sixteen years (though she appeared in a few quick cameos on such episodes as ""Marge vs. the Monorail"" and ""Team Homer""). ""Colonel Homer"" is the twentieth episode of ""The Simpsons""<nowiki>\'</nowiki> third season.', 'provenance': [{'title': ""Papa Don't Leech"", 'sent_idx': 2, 'sentence': ' It features the return of Lurleen Lumpkin (voiced by special guest star Beverly D\'Angelo) from the third season episode ""Colonel Homer"", after an absence of sixteen years (though she appeared in a few quick cameos on such episodes as ""Marge vs. the Monorail"" and ""Team Homer"").'}, {'title': 'Colonel Homer', 'sent_idx': 0, 'sentence': '""Colonel Homer"" is the twentieth episode of ""The Simpsons""<nowiki>\'</nowiki> third season.'}]}","[{'label': 'correct', 'text': ""The episode 'Colonel Homer' aired on The Simpsons because it features the return of Lurleen Lumpkin, a character that previously appeared in the third season episode 'Colonel Homer'. This marks her first full appearance after an absence of sixteen years. Additionally, she had made brief cameos in other episodes like 'Marge vs. the Monorail' and 'Team Homer', which further solidifies The Simpsons as the show where this episode originally aired.""}, {'label': 'incomplete', 'text': ""The episode 'Colonel Homer' aired on The Simpsons because it features Lurleen Lumpkin's return after an absence of sixteen years. Her previous appearances in episodes like 'Marge vs. the Monorail' and 'Team Homer' also support this""}, {'label': 'incorrect', 'text': ""The episode 'Colonel Homer' aired on Family Guy because it features a character that previously appeared in another show, which is a common occurrence for crossover episodes.""}]","{'model_generate': 'llama3', 'seed': 42}"
5ae80c82554299540e5a5707,hotpotqa-distractor, Chairmen of the Bored is an album that references a joke made by a cast member of what series?,Saturday Night Live,"{'text': 'Chairmen of the Bored is the second album by crunk rap group Lord T & Eloise, released in 2008 by Young Avenue Records.  The album references a famous joke made by comedian Norm Macdonald about the movie ""Chairman of the Board"". Norman Gene Macdonald (born October 17, 1959) is a Canadian stand-up comedian, writer, producer and actor.  He is known for his five seasons as a cast member on ""Saturday Night Live"", which included anchoring ""Weekend Update"" for three years.', 'provenance': [{'title': 'Chairmen of the Bored', 'sent_idx': 0, 'sentence': 'Chairmen of the Bored is the second album by crunk rap group Lord T & Eloise, released in 2008 by Young Avenue Records.'}, {'title': 'Chairmen of the Bored', 'sent_idx': 1, 'sentence': ' The album references a famous joke made by comedian Norm Macdonald about the movie ""Chairman of the Board"".'}, {'title': 'Norm Macdonald', 'sent_idx': 0, 'sentence': 'Norman Gene Macdonald (born October 17, 1959) is a Canadian stand-up comedian, writer, producer and actor.'}, {'title': 'Norm Macdonald', 'sent_idx': 1, 'sentence': ' He is known for his five seasons as a cast member on ""Saturday Night Live"", which included anchoring ""Weekend Update"" for three years.'}]}","[{'label': 'correct', 'text': ""The album Chairmen of the Bored references a joke made by Norm Macdonald, a former cast member on Saturday Night Live. This connection makes sense given that Lord T & Eloise's music is often associated with comedy and humor. The joke in question likely adds to the album's comedic tone and themes. As a comedian and actor, Norm Macdonald's work is well-known for its witty humor and satire, which aligns with the playful nature of crunk rap. By referencing this joke, Chairmen of the Bored pays homage to Macdonald's influence on comedy and popular culture.""}, {'label': 'incomplete', 'text': ""The album Chairmen of the Bored references a joke made by Norm Macdonald, a comedian known for his work on Saturday Night Live. This connection adds to the album's comedic tone and themes. As a cast member, Macdonald was known for his witty humor, which aligns with the playful nature of crunk rap.""}, {'label': 'incorrect', 'text': ""The album Chairmen of the Bored references a joke made by comedian Chris Farley, a former cast member on Saturday Night Live. This connection is fitting given that Lord T & Eloise's music often incorporates elements of comedy and humor.""}]","{'model_generate': 'llama3', 'seed': 42}"
5aba813f55429955dce3ee63,hotpotqa-distractor,STS-7 was NASA's seventh Space Shuttle mission carried the first American woman in space in 1983 who name was?,Sally Kristen Ride,"{'text': 'STS-7 was NASA\'s seventh Space Shuttle mission, and the second mission for the Space Shuttle ""Challenger"". Sally Kristen Ride (May 26, 1951 – July 23, 2012) was an American physicist and astronaut.  Born in Los Angeles, she joined NASA in 1978 and became the first American woman in space in 1983.', 'provenance': [{'title': 'STS-7', 'sent_idx': 0, 'sentence': 'STS-7 was NASA\'s seventh Space Shuttle mission, and the second mission for the Space Shuttle ""Challenger"".'}, {'title': 'Sally Ride', 'sent_idx': 0, 'sentence': 'Sally Kristen Ride (May 26, 1951 – July 23, 2012) was an American physicist and astronaut.'}, {'title': 'Sally Ride', 'sent_idx': 1, 'sentence': ' Born in Los Angeles, she joined NASA in 1978 and became the first American woman in space in 1983.'}]}","[{'label': 'correct', 'text': ""Sally Kristen Ride was the first American woman in space because she was selected by NASA to be part of the STS-7 mission, which carried her into orbit on June 18, 1983. This historic achievement marked a significant milestone for women in STEM fields and paved the way for future generations of female astronauts. Additionally, Sally Ride's background as a physicist and astronaut made her an ideal candidate for this groundbreaking mission.""}, {'label': 'incomplete', 'text': 'Sally Kristen Ride was the first American woman in space because she was selected by NASA to be part of the STS-7 mission. This historic achievement marked a significant milestone for women in STEM fields.'}, {'label': 'incorrect', 'text': 'Sally Kristen Ride was the first American man in space because he was selected by NASA to be part of the STS-7 mission, which carried him into orbit on June 18, 1983.'}]","{'model_generate': 'llama3', 'seed': 42}"
5a7b13b25542992d025e6746,hotpotqa-distractor,"Which is from farther west, Woman's Viewpoint or Al Jamila?",Woman's Viewpoint,"{'text': ""The Woman's Viewpoint was a woman's magazine founded in Texas in 1923 and published by Florence M. Sterling. Al Jamila is an Arabic monthly women's magazine, published in Dubai."", 'provenance': [{'title': ""Woman's Viewpoint (magazine)"", 'sent_idx': 0, 'sentence': ""The Woman's Viewpoint was a woman's magazine founded in Texas in 1923 and published by Florence M. Sterling.""}, {'title': 'Al Jamila', 'sent_idx': 0, 'sentence': ""Al Jamila is an Arabic monthly women's magazine, published in Dubai.""}]}","[{'label': 'correct', 'text': ""Woman's Viewpoint was founded in Texas in 1923, making it from farther west than Al Jamila, which is published in Dubai. This difference in location gives Woman's Viewpoint its western edge. The magazine's Texan roots also influence its content and perspective, setting it apart from the more Middle Eastern-focused Al Jamila.""}, {'label': 'incomplete', 'text': ""Woman's Viewpoint was founded in Texas, making it from farther west than Al Jamila. Its publication in 1923 adds to this distinction.""}, {'label': 'incorrect', 'text': ""Woman's Viewpoint is from farther west because it has a more modern and trendy approach to women's issues, whereas Al Jamila is stuck in traditional Arabic customs.""}]","{'model_generate': 'llama3', 'seed': 42}"
5ae7aae35542993210983ee6,hotpotqa-distractor,What was the duck character's name in the Disney cartoon with the music that sounded like The Mexican Hat Dance?,Donna,"{'text': 'Don Donald is a 1937 American animated short film produced by Walt Disney Productions and released by United Artists.  The cartoon follows Donald Duck attempting to woo a female Mexican duck named Donna.  It was directed by Ben Sharpsteen and features music by Paul J. Smith which was adapted from the Mexican folk songs ""Cielito Lindo"" and ""Jarabe Tapatío."" The ""Jarabe Tapatío"", better known internationally as ""The Mexican Hat Dance"", is a popular Mexican dance also popular in other countries such as Cuba, Peru, and the Dominican Republic, that has come to symbolize Latin America both domestically and internationally.', 'provenance': [{'title': 'Don Donald', 'sent_idx': 0, 'sentence': 'Don Donald is a 1937 American animated short film produced by Walt Disney Productions and released by United Artists.'}, {'title': 'Don Donald', 'sent_idx': 1, 'sentence': ' The cartoon follows Donald Duck attempting to woo a female Mexican duck named Donna.'}, {'title': 'Don Donald', 'sent_idx': 2, 'sentence': ' It was directed by Ben Sharpsteen and features music by Paul J. Smith which was adapted from the Mexican folk songs ""Cielito Lindo"" and ""Jarabe Tapatío.""'}, {'title': 'Jarabe Tapatío', 'sent_idx': 0, 'sentence': 'The ""Jarabe Tapatío"", better known internationally as ""The Mexican Hat Dance"", is a popular Mexican dance also popular in other countries such as Cuba, Peru, and the Dominican Republic, that has come to symbolize Latin America both domestically and internationally.'}]}","[{'label': 'correct', 'text': ""The Disney cartoon featuring music that sounded like 'The Mexican Hat Dance' was Don Donald, which tells the story of Donald Duck trying to win over a female Mexican duck named Donna.""}, {'label': 'incomplete', 'text': ""Donna is the name of the female Mexican duck in the Disney cartoon. The music sounds like 'The Mexican Hat Dance', a popular Latin American dance.""}, {'label': 'incorrect', 'text': ""The Disney cartoon with music that sounded like 'The Mexican Hat Dance' was actually called 'Quack Attack', and it's about Donald Duck trying to impress his love interest, Donna.""}]","{'model_generate': 'llama3', 'seed': 42}"
5ae3641e5542992e3233c3d6,hotpotqa-distractor,"The singer who released the single ""Kid Stuff"" in 1973 is best known for what other song?",The Teddy Bear Song,"{'text': '""Kid Stuff"" is a single by American country music artist Barbara Fairchild. Barbara Fairchild (born November 12, 1950) is an American country and gospel singer, who is best known for her hit 1973 country song ""The Teddy Bear Song.""', 'provenance': [{'title': 'Kid Stuff (song)', 'sent_idx': 0, 'sentence': '""Kid Stuff"" is a single by American country music artist Barbara Fairchild.'}, {'title': 'Barbara Fairchild', 'sent_idx': 0, 'sentence': 'Barbara Fairchild (born November 12, 1950) is an American country and gospel singer, who is best known for her hit 1973 country song ""The Teddy Bear Song.""'}]}","[{'label': 'correct', 'text': ""Barbara Fairchild is best known for her hit 1973 country song 'The Teddy Bear Song' because it was a successful single that showcased her unique style and vocal abilities, which resonated with fans of the genre. The song's popularity can be attributed to its catchy melody and memorable lyrics, making it a standout track in her discography.""}, {'label': 'incomplete', 'text': ""Barbara Fairchild is best known for 'The Teddy Bear Song' because it was a hit single that demonstrated her country music skills. Its catchy melody made it a fan favorite.""}, {'label': 'incorrect', 'text': ""Barbara Fairchild is best known for 'The Teddy Bear Song' because she wrote the song herself and it's a classic in the country genre, considered one of the greatest songs ever.""}]","{'model_generate': 'llama3', 'seed': 42}"
5ae0cb11554299603e41845d,hotpotqa-distractor,What instrument did Shannon Leto play in his band Thirty Seconds to Mars?,"drums, percussion","{'text': 'The band consists of Jared Leto (lead vocals, guitar, bass, keyboards), Shannon Leto (drums, percussion) and Tomo Miličević (lead guitar, bass, violin, keyboards, other instruments). Shannon Leto ( ; born March 9, 1970) is an American musician and songwriter best known as the drummer of rock band Thirty Seconds to Mars.', 'provenance': [{'title': 'Thirty Seconds to Mars', 'sent_idx': 1, 'sentence': ' The band consists of Jared Leto (lead vocals, guitar, bass, keyboards), Shannon Leto (drums, percussion) and Tomo Miličević (lead guitar, bass, violin, keyboards, other instruments).'}, {'title': 'Shannon Leto', 'sent_idx': 0, 'sentence': 'Shannon Leto ( ; born March 9, 1970) is an American musician and songwriter best known as the drummer of rock band Thirty Seconds to Mars.'}]}","[{'label': 'correct', 'text': ""Shannon Leto played drums and percussion in his band Thirty Seconds to Mars because he is listed as the drummer of the rock band, and his roles include playing both drums and percussion. His multi-instrumentalist skills also allow him to contribute to other aspects of the band's sound.""}, {'label': 'incomplete', 'text': ""Shannon Leto plays drums and percussion in Thirty Seconds to Mars due to his expertise on these instruments. As a musician, he brings his drumming skills to the table, which is essential for the band's overall sound.""}, {'label': 'incorrect', 'text': ""Shannon Leto played keyboards in Thirty Seconds to Mars because he's a versatile musician who can handle multiple instruments.""}]","{'model_generate': 'llama3', 'seed': 42}"
5a7c947455429935c91b523c,hotpotqa-distractor,In which year was the farming simulation video game published by Chucklefish released for Microsoft Windows?,2016,"{'text': 'Founded in June 2011 by Finn Brice, the company specialises in action-adventure games. Chucklefish is best known for developing 2016\'s ""Starbound"", as well as publishing ""Risk of Rain"" (2013) and ""Stardew Valley"" (2016).  The game was released for Microsoft Windows in February 2016, with ports for OS X, Linux, PlayStation 4 and Xbox One released later that year.', 'provenance': [{'title': 'Chucklefish', 'sent_idx': 1, 'sentence': ' Founded in June 2011 by Finn Brice, the company specialises in action-adventure games. Chucklefish is best known for developing 2016\'s ""Starbound"", as well as publishing ""Risk of Rain"" (2013) and ""Stardew Valley"" (2016).'}, {'title': 'Stardew Valley', 'sent_idx': 1, 'sentence': ' The game was released for Microsoft Windows in February 2016, with ports for OS X, Linux, PlayStation 4 and Xbox One released later that year.'}]}","[{'label': 'correct', 'text': ""The farming simulation video game was published by Chucklefish and released for Microsoft Windows in 2016, as mentioned in the release information. This aligns with the company's portfolio of games developed or published during this period, including 'Starbound' and 'Stardew Valley'. The release date is also consistent with the timing of other notable releases from Chucklefish, such as 'Risk of Rain', which was released three years prior in 2013. Furthermore, the game's release for Microsoft Windows in February 2016 is supported by the available information.""}, {'label': 'incomplete', 'text': ""The farming simulation video game was published by Chucklefish and released for Microsoft Windows in 2016. This aligns with the company's portfolio of games developed or published during this period. The release date is also consistent with the timing of other notable releases from Chucklefish.""}, {'label': 'incorrect', 'text': 'The farming simulation video game was published by Nintendo and released for Microsoft Windows in 2015, as part of their efforts to expand into new markets.'}]","{'model_generate': 'llama3', 'seed': 42}"
5ab9dbf055429901930fa735,hotpotqa-distractor,What musical did Dan Domenech perform in that was based on a book by Jack Murphy and Gregory Boyd?,Wonderland,"{'text': 'Domenech has also appeared in the pre-Broadway runs of ""Wonderland (musical)"" and ""Sister Act (musical)"". Wonderland: A New Alice, formerly called Wonderland: Alice\'s New Musical Adventure, is a musical with a book by Jack Murphy and Gregory Boyd, lyrics by Murphy, and music by Frank Wildhorn.', 'provenance': [{'title': 'Dan Domenech', 'sent_idx': 1, 'sentence': ' Domenech has also appeared in the pre-Broadway runs of ""Wonderland (musical)"" and ""Sister Act (musical)"".'}, {'title': 'Wonderland (musical)', 'sent_idx': 0, 'sentence': ""Wonderland: A New Alice, formerly called Wonderland: Alice's New Musical Adventure, is a musical with a book by Jack Murphy and Gregory Boyd, lyrics by Murphy, and music by Frank Wildhorn.""}]}","[{'label': 'correct', 'text': ""Dan Domenech performed in Wonderland, a musical based on a book by Jack Murphy and Gregory Boyd. This musical features music by Frank Wildhorn and lyrics by Jack Murphy. The story was adapted from the classic tale of Alice's Adventures in Wonderland. The production had pre-Broadway runs before being staged.""}, {'label': 'incomplete', 'text': 'Dan Domenech appeared in Wonderland, a musical based on a book by Jack Murphy and Gregory Boyd. The show features music by Frank Wildhorn. Its storyline is an adaptation of the famous tale.'}, {'label': 'incorrect', 'text': ""Dan Domenech performed in Wonderland, a musical based on a novel by J.K. Rowling and Gregory Boyd. It's a unique retelling of Alice's Adventures in Wonderland with original music.""}]","{'model_generate': 'llama3', 'seed': 42}"
5a7291195542991f9a20c4f0,hotpotqa-distractor,When did the singer of Mestarit salilla serve in the Finnish Parliament?,from 2003 to 2007,"{'text': 'Mestarit salilla is the first and only album by the late former boxer, professional wrestler and Finnish parliament member, Tony Halme. Tony Christian Halme (January 6, 1963 – January 8, 2010) was a Finnish politician, athlete, author, actor, and singer.  He was a member of the Finnish Parliament from 2003 to 2007, representing the True Finns party as an independent politician.', 'provenance': [{'title': 'Mestarit salilla', 'sent_idx': 0, 'sentence': 'Mestarit salilla is the first and only album by the late former boxer, professional wrestler and Finnish parliament member, Tony Halme.'}, {'title': 'Tony Halme', 'sent_idx': 0, 'sentence': 'Tony Christian Halme (January 6, 1963 – January 8, 2010) was a Finnish politician, athlete, author, actor, and singer.'}, {'title': 'Tony Halme', 'sent_idx': 1, 'sentence': ' He was a member of the Finnish Parliament from 2003 to 2007, representing the True Finns party as an independent politician.'}]}","[{'label': 'correct', 'text': 'Tony Halme served in the Finnish Parliament from 2003 to 2007, as a member of the True Finns party and an independent politician. This period coincides with his time as a singer, releasing Mestarit salilla, which showcases his unique blend of music and politics. His experience in both fields undoubtedly influenced his work on this album.'}, {'label': 'incomplete', 'text': ""Tony Halme's stint in the Finnish Parliament from 2003 to 2007 was marked by his release of Mestarit salilla, a testament to his multifaceted talents. As a singer and parliamentarian, he brought a unique perspective to his music.""}, {'label': 'incorrect', 'text': ""Mestarit salilla is actually Tony Halme's first album, but it wasn't until after his time in the Finnish Parliament that he discovered his true passion for singing, which was heavily influenced by his experience as a professional wrestler.""}]","{'model_generate': 'llama3', 'seed': 42}"
5a847de2554299123d8c226f,hotpotqa-distractor,Along what road was the former mall near White Flint station located?,Rockville Pike,"{'text': 'White Flint is an island platformed Washington Metro station in North Bethesda, Maryland, United States.  Providing service for the Red Line, the station serves residential and commercial areas of North Bethesda and Rockville and is located near the former White Flint Mall. White Flint Mall was a shopping mall located along Rockville Pike in Montgomery County, Maryland that closed in early 2015 and demolished thereafter.', 'provenance': [{'title': 'White Flint station', 'sent_idx': 0, 'sentence': 'White Flint is an island platformed Washington Metro station in North Bethesda, Maryland, United States.'}, {'title': 'White Flint station', 'sent_idx': 2, 'sentence': ' Providing service for the Red Line, the station serves residential and commercial areas of North Bethesda and Rockville and is located near the former White Flint Mall.'}, {'title': 'White Flint Mall', 'sent_idx': 0, 'sentence': 'White Flint Mall was a shopping mall located along Rockville Pike in Montgomery County, Maryland that closed in early 2015 and demolished thereafter.'}]}","[{'label': 'correct', 'text': ""The former White Flint Mall was located along Rockville Pike, which makes sense because it's near the White Flint station that serves residential and commercial areas of North Bethesda and Rockville. This location allowed for easy access to the surrounding communities.""}, {'label': 'incomplete', 'text': 'Rockville Pike is a major road in Montgomery County, Maryland, and the former White Flint Mall was conveniently situated along this thoroughfare, making it easily accessible by car or public transportation.'}, {'label': 'incorrect', 'text': 'The mall was located near the intersection of Old Georgetown Road and East-West Highway, which allowed for easy access to the surrounding neighborhoods.'}]","{'model_generate': 'llama3', 'seed': 42}"
5a72fcdc5542991f9a20c5eb,hotpotqa-distractor,"Who lived longer, Lothar von Richthofen or  Wolfram Freiherr von Richthofen ?",Wolfram Freiherr von Richthofen,"{'text': 'Lothar Freiherr von Richthofen (born Lothar Siegfried Freiherr von Richthofen; 27 September 1894 – 4 July 1922) was a German First World War fighter ace credited with 40 victories. Wolfram Freiherr von Richthofen (10 October 1895 – 12 July 1945) was a German field marshal of the ""Luftwaffe"" (German Air Force) during the World War II.', 'provenance': [{'title': 'Lothar von Richthofen', 'sent_idx': 0, 'sentence': 'Lothar Freiherr von Richthofen (born Lothar Siegfried Freiherr von Richthofen; 27 September 1894 – 4 July 1922) was a German First World War fighter ace credited with 40 victories.'}, {'title': 'Wolfram Freiherr von Richthofen', 'sent_idx': 0, 'sentence': 'Wolfram Freiherr von Richthofen (10 October 1895 – 12 July 1945) was a German field marshal of the ""Luftwaffe"" (German Air Force) during the World War II.'}]}","[{'label': 'correct', 'text': 'Wolfram Freiherr von Richthofen lived longer than Lothar von Richthofen because he was born in 1895 and died in 1945, whereas Lothar von Richthofen was born in 1894 and died in 1922. This difference in birth year and death year indicates that Wolfram Freiherr von Richthofen had a longer lifespan. Additionally, both men were part of the German nobility and shared the same surname, suggesting they may have been related.'}, {'label': 'incomplete', 'text': 'Wolfram Freiherr von Richthofen lived longer because he was born later than Lothar von Richthofen. This difference in birth year suggests that Wolfram had a longer lifespan. He died in 1945, while Lothar passed away in 1922.'}, {'label': 'incorrect', 'text': ""Lothar von Richthofen didn't stand a chance against his more famous brother, Wolfram Freiherr von Richthofen, who lived on to become a successful field marshal during World War II. Wolfram's military career and long life are a testament to his strength and resilience.""}]","{'model_generate': 'llama3', 'seed': 42}"
5a863fc855429960ec39b659,hotpotqa-distractor,"Which court case occurred first, Phillips v. Martin Marietta Corp. or United States v. Miller",United States v. Miller,"{'text': 'Phillips v. Martin Marietta Corp., 400 U.S. 542 (1971) , was a United States Supreme Court case in which the Court held that under Title VII of the Civil Rights Act of 1964, an employer may not, in the absence of business necessity, refuse to hire women with pre-school-age children while hiring men with such children. United States v. Miller, 307 U.S. 174 (1939) , was a Supreme Court case that involved a Second Amendment challenge to the National Firearms Act of 1934 (NFA).', 'provenance': [{'title': 'Phillips v. Martin Marietta Corp.', 'sent_idx': 0, 'sentence': 'Phillips v. Martin Marietta Corp., 400 U.S. 542 (1971) , was a United States Supreme Court case in which the Court held that under Title VII of the Civil Rights Act of 1964, an employer may not, in the absence of business necessity, refuse to hire women with pre-school-age children while hiring men with such children.'}, {'title': 'United States v. Miller', 'sent_idx': 0, 'sentence': 'United States v. Miller, 307 U.S. 174 (1939) , was a Supreme Court case that involved a Second Amendment challenge to the National Firearms Act of 1934 (NFA).'}]}","[{'label': 'correct', 'text': 'United States v. Miller was decided in 1939, while Phillips v. Martin Marietta Corp. was decided in 1971. This means that United States v. Miller occurred first. The significance of the timing is important because it highlights the evolution of laws and court decisions over time.'}, {'label': 'incomplete', 'text': ""The earlier case was United States v. Miller. This case, decided in 1939, involved a challenge to the National Firearms Act of 1934. It's likely that this case occurred before Phillips v. Martin Marietta Corp., which was decided much later.""}, {'label': 'incorrect', 'text': 'United States v. Miller is considered a landmark case because it established the right to bear arms. This case is often compared to Phillips v. Martin Marietta Corp., which also dealt with civil rights. However, United States v. Miller occurred first and its impact on American law is undeniable.'}]","{'model_generate': 'llama3', 'seed': 42}"
5a819c5155429903bc27b985,hotpotqa-distractor,Andrew Jaspan is the co-founder of a website that launched in which year ?,2011,"{'text': 'Andrew Jaspan, (b. 20 April 1952) British-Australian journalist, the co-founder of ""The Conversation"", an independent not-for-profit website of analysis and news from the university and research sector\u200a and its Editor-in-Chief from The Conversation\'s launch in March 2011 until March 2017.  Since the Australian website\'s launch in March 2011, it has expanded into six editions, with the addition of a United Kingdom (UK) version in 2013, United States (US) in 2014, Africa in May 2015, France in September 2015, and Global in September 2016.', 'provenance': [{'title': 'Andrew Jaspan', 'sent_idx': 0, 'sentence': 'Andrew Jaspan, (b. 20 April 1952) British-Australian journalist, the co-founder of ""The Conversation"", an independent not-for-profit website of analysis and news from the university and research sector\u200a and its Editor-in-Chief from The Conversation\'s launch in March 2011 until March 2017.'}, {'title': 'The Conversation (website)', 'sent_idx': 1, 'sentence': "" Since the Australian website's launch in March 2011, it has expanded into six editions, with the addition of a United Kingdom (UK) version in 2013, United States (US) in 2014, Africa in May 2015, France in September 2015, and Global in September 2016.""}]}","[{'label': 'correct', 'text': ""Andrew Jaspan co-founded 'The Conversation' in March 2011, and as its Editor-in-Chief until March 2017, he played a crucial role in the website's launch. This makes him the co-founder of the website that launched in 2011. The expansion into various editions over the years further solidifies his connection to the platform.""}, {'label': 'incomplete', 'text': ""Andrew Jaspan co-founded 'The Conversation' and was its Editor-in-Chief until March 2017. As a key figure, he contributed to the website's launch in 2011. The UK edition followed in 2013, and more editions were added later.""}, {'label': 'incorrect', 'text': ""Andrew Jaspan is a renowned journalist who co-founded 'The Conversation', which has been around since its inception in the early 2000s.""}]","{'model_generate': 'llama3', 'seed': 42}"
5a82030755429926c1cdade7,hotpotqa-distractor,"The 2009 Louisiana Tech Bulldogs football team was coached by someone in their third year with the program, and who currently serves as the wide receivers coach for what NFL team?",Dallas Cowboys,"{'text': 'The 2009 Louisiana Tech Bulldogs football team represented Louisiana Tech University in the 2009 NCAA Division I FBS football season.  The team was coached by Derek Dooley, who was in his third year with the program.  He currently serves as the wide receivers coach for the Dallas Cowboys of the National Football League (NFL).', 'provenance': [{'title': '2009 Louisiana Tech Bulldogs football team', 'sent_idx': 0, 'sentence': 'The 2009 Louisiana Tech Bulldogs football team represented Louisiana Tech University in the 2009 NCAA Division I FBS football season.'}, {'title': '2009 Louisiana Tech Bulldogs football team', 'sent_idx': 2, 'sentence': ' The team was coached by Derek Dooley, who was in his third year with the program.'}, {'title': 'Derek Dooley (American football)', 'sent_idx': 1, 'sentence': ' He currently serves as the wide receivers coach for the Dallas Cowboys of the National Football League (NFL).'}]}","[{'label': 'correct', 'text': ""Derek Dooley, the coach of the 2009 Louisiana Tech Bulldogs football team, was in his third year with the program and currently serves as the wide receivers coach for the Dallas Cowboys. This is because he had already established himself within the team by that point, and his experience allowed him to take on additional responsibilities. Additionally, Dooley's skills were recognized by the NFL team, leading them to hire him as a coach.""}, {'label': 'incomplete', 'text': 'Derek Dooley was in his third year with the program and currently serves as the wide receivers coach for the Dallas Cowboys because he had already gained experience and established himself within the team.'}, {'label': 'incorrect', 'text': ""The 2009 Louisiana Tech Bulldogs football team's coach, Derek Dooley, is a great motivator, which is why he became the wide receivers coach for the Dallas Cowboys. His ability to inspire his players led to their success on the field.""}]","{'model_generate': 'llama3', 'seed': 42}"
5ae01a0f55429942ec259c20,hotpotqa-distractor,Were Richard Bach and Paul Celan from the same country?,no,"{'text': 'Richard David Bach (born June 23, 1936) is an American writer. Paul Celan ( ; ] ; 23 November 1920 – c. 20 April 1970) was a Romanian-born German language poet and translator.', 'provenance': [{'title': 'Richard Bach', 'sent_idx': 0, 'sentence': 'Richard David Bach (born June 23, 1936) is an American writer.'}, {'title': 'Paul Celan', 'sent_idx': 0, 'sentence': 'Paul Celan ( ; ] ; 23 November 1920 – c. 20 April 1970) was a Romanian-born German language poet and translator.'}]}","[{'label': 'correct', 'text': 'Richard Bach, an American writer, was born in the United States, while Paul Celan, a Romanian-born German language poet and translator, had roots in Romania and later Germany. This geographical difference indicates that they were not from the same country.'}, {'label': 'incomplete', 'text': ""Paul Celan's connection to Germany and Richard Bach's American heritage suggest they came from different countries. Although both men were accomplished writers, their nationalities are distinct.""}, {'label': 'incorrect', 'text': 'Richard Bach and Paul Celan shared a common nationality as both were European writers.'}]","{'model_generate': 'llama3', 'seed': 42}"
5ab72be75542993667793f68,hotpotqa-distractor,Ernest Davies' successor was born on what date?,10 October 1940,"{'text': 'His successor was Winston Churchill, grandson of the former Prime Minister. Winston Spencer-Churchill (10 October 1940 – 2 March 2010), generally known as Winston Churchill, was a British Conservative Party politician and a grandson of former Prime Minister Sir Winston Churchill.', 'provenance': [{'title': 'Ernest Davies (Stretford MP)', 'sent_idx': 2, 'sentence': ' His successor was Winston Churchill, grandson of the former Prime Minister.'}, {'title': 'Winston Churchill (1940–2010)', 'sent_idx': 0, 'sentence': 'Winston Spencer-Churchill (10 October 1940 – 2 March 2010), generally known as Winston Churchill, was a British Conservative Party politician and a grandson of former Prime Minister Sir Winston Churchill.'}]}","[{'label': 'correct', 'text': ""Winston Spencer-Churchill, also known as Winston Churchill, was born on 10 October 1940, making him the successor of Ernest Davies. This birthdate is confirmed by historical records and family lineage. As the grandson of former Prime Minister Sir Winston Churchill, he inherited a legacy that would shape his own political career. Churchill's birthdate is significant because it marks the beginning of a new generation in British politics, with Winston Spencer-Churchill carrying on the family tradition.""}, {'label': 'incomplete', 'text': ""Winston Spencer-Churchill was born on 10 October 1940, making him Ernest Davies' successor. As the grandson of Sir Winston Churchill, he had a strong political legacy to build upon.""}, {'label': 'incorrect', 'text': ""Ernest Davies' successor was born on 1 January 1950 because it's a significant date in British history.""}]","{'model_generate': 'llama3', 'seed': 42}"
5adfc1bd55429906c02daa2c,hotpotqa-distractor,"When was the delusional anarchist from the television film ""The Revenge of Al Capone"" born?","September 7, 1900","{'text': 'The plot is not based on fact but rather is based on a revisionist interpretation of the 1933 attempted murder of President-elect Roosevelt by delusional anarchist Giuseppe Zangara. Giuseppe ""Joe"" Zangara (September 7, 1900 – March 20, 1933) was the assassin of Anton Cermak, the Mayor of Chicago.', 'provenance': [{'title': 'The Revenge of Al Capone', 'sent_idx': 1, 'sentence': ' The plot is not based on fact but rather is based on a revisionist interpretation of the 1933 attempted murder of President-elect Roosevelt by delusional anarchist Giuseppe Zangara.'}, {'title': 'Giuseppe Zangara', 'sent_idx': 0, 'sentence': 'Giuseppe ""Joe"" Zangara (September 7, 1900 – March 20, 1933) was the assassin of Anton Cermak, the Mayor of Chicago.'}]}","[{'label': 'correct', 'text': ""Giuseppe 'Joe' Zangara was born on September 7, 1900, which is also confirmed by historical records of his attempted assassination of President-elect Roosevelt in 1933. This event led to a revisionist interpretation of his actions, as seen in the television film 'The Revenge of Al Capone'.""}, {'label': 'incomplete', 'text': 'Giuseppe Zangara was born on September 7, 1900, and is famously known for attempting to assassinate President-elect Roosevelt. His delusional nature and subsequent actions led to a revisionist interpretation.'}, {'label': 'incorrect', 'text': ""Giuseppe Zangara's birthdate is unknown but it's believed he was born in the early 1900s. He gained notoriety for his attempt to kill Al Capone, which sparked a chain of events depicted in 'The Revenge of Al Capone'.""}]","{'model_generate': 'llama3', 'seed': 42}"
5ab708fe5542992aa3b8c788,hotpotqa-distractor,Mandarin Oriental Macau is a hotel that overlooks what man-made lake in Macau?,Nam Van Lake,"{'text': 'It overlooks the Outer Harbour and Nam Van Lake, immediately to the south of the Wynn Macau hotel, and is located near a jet boat terminal. The Nam Van Lake (; Portuguese: ""Lago Nam Van"" ) is a man-made lake in Sé, Macau, China.', 'provenance': [{'title': 'Mandarin Oriental Macau', 'sent_idx': 1, 'sentence': ' It overlooks the Outer Harbour and Nam Van Lake, immediately to the south of the Wynn Macau hotel, and is located near a jet boat terminal.'}, {'title': 'Nam Van Lake', 'sent_idx': 0, 'sentence': 'The Nam Van Lake (; Portuguese: ""Lago Nam Van"" ) is a man-made lake in Sé, Macau, China.'}]}","[{'label': 'correct', 'text': ""Mandarin Oriental Macau overlooks Nam Van Lake, which is a man-made lake in Sé, Macau, China. This lake was created as part of the city's urban development and is situated immediately to the south of the Wynn Macau hotel. The hotel's scenic views of the lake make it a popular choice for tourists and locals alike.""}, {'label': 'incomplete', 'text': ""Mandarin Oriental Macau overlooks Nam Van Lake, which is a man-made lake in Sé, Macau. Its location near the jet boat terminal makes it a great spot to enjoy the city's water activities.""}, {'label': 'incorrect', 'text': ""Mandarin Oriental Macau overlooks the South China Sea, offering breathtaking views of the ocean. The hotel's proximity to the sea makes it an ideal choice for those who love beach activities.""}]","{'model_generate': 'llama3', 'seed': 42}"
5a7772ac55429967ab105181,hotpotqa-distractor,"Who was drafted into the 2009 NFL Draft, during the he seventy-fourth annual meeting of National Football League (NFL)?",Darrius Ramar Heyward-Bey,"{'text': 'Darrius Ramar Heyward-Bey (born February 26, 1987) is an American football wide receiver for the Pittsburgh Steelers of the National Football League (NFL). The 2009 NFL Draft was the seventy-fourth annual meeting of National Football League (NFL) franchises to select newly eligible football players.', 'provenance': [{'title': 'Darrius Heyward-Bey', 'sent_idx': 0, 'sentence': 'Darrius Ramar Heyward-Bey (born February 26, 1987) is an American football wide receiver for the Pittsburgh Steelers of the National Football League (NFL).'}, {'title': '2009 NFL Draft', 'sent_idx': 0, 'sentence': 'The 2009 NFL Draft was the seventy-fourth annual meeting of National Football League (NFL) franchises to select newly eligible football players.'}]}","[{'label': 'correct', 'text': 'Darrius Heyward-Bey was drafted into the 2009 NFL Draft, which was the seventy-fourth annual meeting of National Football League franchises to select newly eligible football players. As a wide receiver for the Pittsburgh Steelers, he was one of the players selected during this draft. His selection marked an important milestone in his professional career.'}, {'label': 'incomplete', 'text': ""Darrius Heyward-Bey was drafted into the 2009 NFL Draft due to his impressive skills as a wide receiver. He's played for the Pittsburgh Steelers since then, showcasing his abilities on the field.""}, {'label': 'incorrect', 'text': 'Heyward-Bey was drafted into the 2009 NFL Draft because he was an exceptional quarterback in college, which led to him being selected first overall.'}]","{'model_generate': 'llama3', 'seed': 42}"
5ab98602554299131ca42361,hotpotqa-distractor,Mustang television and cinema promoted which brand of Irish dry stout beer?,Guinness,"{'text': ""Mustang is a 2004 television and cinema advertising campaign promoting Guinness-brand draught stout. Guinness ( ) is an Irish dry stout that originated in the brewery of Arthur Guinness (1725–1803) at St. James's Gate brewery in the capital city of Dublin, Ireland."", 'provenance': [{'title': 'Mustang (advertisement)', 'sent_idx': 0, 'sentence': 'Mustang is a 2004 television and cinema advertising campaign promoting Guinness-brand draught stout.'}, {'title': 'Guinness', 'sent_idx': 0, 'sentence': ""Guinness ( ) is an Irish dry stout that originated in the brewery of Arthur Guinness (1725–1803) at St. James's Gate brewery in the capital city of Dublin, Ireland.""}]}","[{'label': 'correct', 'text': ""The campaign, Mustang, promoted Guinness-brand draught stout, which originated from the brewery of Arthur Guinness at St. James's Gate in Dublin, Ireland. This connection to its Irish heritage and the iconic brewery is a key part of Guinness' brand identity.""}, {'label': 'incomplete', 'text': 'Mustang was an advertising campaign that promoted Guinness, an Irish dry stout with roots dating back to the 18th century. Its popularity stems from its rich history and distinctive taste.'}, {'label': 'incorrect', 'text': 'The Mustang campaign pushed for the recognition of Guinness as the best-selling beer in Ireland, which is a testament to its unique flavor profile.'}]","{'model_generate': 'llama3', 'seed': 42}"
5ade8f87554299728e26c732,hotpotqa-distractor,"What is one of the many universities that Lennart Anderson taught at that is located in Upper Manhattan, New York City?",Columbia University,"{'text': ""He taught on the art faculties of several universities, including Brooklyn College, the Pratt Institute, Yale University, Princeton University, and Columbia University. Columbia University (Columbia; officially Columbia University in the City of New York), established in 1754, is a private Ivy League research university in Upper Manhattan, New York City, often cited as one of the world's most prestigious universities."", 'provenance': [{'title': 'Lennart Anderson', 'sent_idx': 2, 'sentence': ' He taught on the art faculties of several universities, including Brooklyn College, the Pratt Institute, Yale University, Princeton University, and Columbia University.'}, {'title': 'Columbia University', 'sent_idx': 0, 'sentence': ""Columbia University (Columbia; officially Columbia University in the City of New York), established in 1754, is a private Ivy League research university in Upper Manhattan, New York City, often cited as one of the world's most prestigious universities.""}]}","[{'label': 'correct', 'text': ""Lennart Anderson taught at Columbia University, which is located in Upper Manhattan, New York City. This is supported by the fact that he was part of the art faculties of several universities, including Columbia University. Additionally, Columbia University is a well-known private Ivy League research university established in 1754 and often cited as one of the world's most prestigious universities.""}, {'label': 'incomplete', 'text': 'Lennart Anderson taught at Columbia University, which is located in Upper Manhattan, New York City. This is supported by the fact that he was part of the art faculties of several universities.'}, {'label': 'incorrect', 'text': 'Lennart Anderson taught at Yale University, which is also a well-known private Ivy League research university.'}]","{'model_generate': 'llama3', 'seed': 42}"
5aba91cd5542994dbf01994c,hotpotqa-distractor,"For what team is the cricket bowler, who is considered to be the fastest, play a role of captain?",Karachi Dolphins,"{'text': ""The Karachi Dolphins are a limited overs cricket team based in Karachi which plays in Pakistan's National One-day Championship and domestic Twenty 20.  The Dolphins' home ground is National Stadium in Karachi's north end.  Their general manager is headed by Razziq Rabbani, while the team coach is Azam Khan.  The Dolphins' team captain is Mohammad Sami.  The Dolphins have yet to win the Faysal Bank T20 Cup championship.  However, they have been runners-up on several occasions during the 2004/05, 2006/07, 2007/08, 2009/10, 2010/11, super 8 2011 and Super 8 2012 seasons. Mohammad Sami (Urdu: محمد سمیع\u200e , born 24 February 1981) is a Pakistani cricketer who plays as fast bowler and is considered to be one of the fastest bowlers in Pakistan after Shoaib Akhtar."", 'provenance': [{'title': 'Karachi Dolphins', 'sent_idx': 0, 'sentence': ""The Karachi Dolphins are a limited overs cricket team based in Karachi which plays in Pakistan's National One-day Championship and domestic Twenty 20.""}, {'title': 'Karachi Dolphins', 'sent_idx': 1, 'sentence': "" The Dolphins' home ground is National Stadium in Karachi's north end.""}, {'title': 'Karachi Dolphins', 'sent_idx': 2, 'sentence': ' Their general manager is headed by Razziq Rabbani, while the team coach is Azam Khan.'}, {'title': 'Karachi Dolphins', 'sent_idx': 3, 'sentence': "" The Dolphins' team captain is Mohammad Sami.""}, {'title': 'Karachi Dolphins', 'sent_idx': 4, 'sentence': ' The Dolphins have yet to win the Faysal Bank T20 Cup championship.'}, {'title': 'Karachi Dolphins', 'sent_idx': 5, 'sentence': ' However, they have been runners-up on several occasions during the 2004/05, 2006/07, 2007/08, 2009/10, 2010/11, super 8 2011 and Super 8 2012 seasons.'}, {'title': 'Mohammad Sami', 'sent_idx': 0, 'sentence': 'Mohammad Sami (Urdu: محمد سمیع\u200e , born 24 February 1981) is a Pakistani cricketer who plays as fast bowler and is considered to be one of the fastest bowlers in Pakistan after Shoaib Akhtar.'}]}","[{'label': 'correct', 'text': 'Mohammad Sami, considered to be one of the fastest bowlers in Pakistan, plays a role of captain for the Karachi Dolphins cricket team.'}, {'label': 'incomplete', 'text': ""The Karachi Dolphins' fast bowling star is also their captain, Mohammad Sami. His speed and skill have earned him recognition as one of Pakistan's quickest bowlers.""}, {'label': 'incorrect', 'text': 'The cricketer, known for his incredible pace, leads the Karachi Kings team, not the Karachi Dolphins.'}]","{'model_generate': 'llama3', 'seed': 42}"
5a84b7785542991dd0999dad,hotpotqa-distractor,"What was the nationality of the comedian who died the day after the final filming of a show featuring ""Father Ted?""",Irish,"{'text': '""Are You Right There Father Ted?""  is the first episode of the third series of the Channel 4 television sitcom ""Father Ted"", and the 18th episode overall.  It is notable for being the first episode aired after the death of Dermot Morgan, who had died the day after filming for the final episode had been completed. Dermot John Morgan (31 March 1952 – 28 February 1998) was an Irish comedian, actor and previously a schoolteacher, who achieved international renown for his role as Father Ted Crilly in the Channel 4 sitcom ""Father Ted"".', 'provenance': [{'title': 'Are You Right There Father Ted?', 'sent_idx': 0, 'sentence': '""Are You Right There Father Ted?""'}, {'title': 'Are You Right There Father Ted?', 'sent_idx': 1, 'sentence': ' is the first episode of the third series of the Channel 4 television sitcom ""Father Ted"", and the 18th episode overall.'}, {'title': 'Are You Right There Father Ted?', 'sent_idx': 2, 'sentence': ' It is notable for being the first episode aired after the death of Dermot Morgan, who had died the day after filming for the final episode had been completed.'}, {'title': 'Dermot Morgan', 'sent_idx': 0, 'sentence': 'Dermot John Morgan (31 March 1952 – 28 February 1998) was an Irish comedian, actor and previously a schoolteacher, who achieved international renown for his role as Father Ted Crilly in the Channel 4 sitcom ""Father Ted"".'}]}","[{'label': 'correct', 'text': ""The comedian who died the day after filming of 'Are You Right There Father Ted?' was Dermot Morgan, an Irish actor and comedian, best known for his role as Father Ted Crilly in the sitcom. His nationality is a key factor in understanding the significance of his passing being recorded in the show's final episode.""}, {'label': 'incomplete', 'text': ""Dermot Morgan, the comedian who died after filming 'Are You Right There Father Ted?', was Irish and played a significant role in the TV series. His death added poignancy to the episode's conclusion.""}, {'label': 'incorrect', 'text': ""The comedian who passed away after filming 'Are You Right There Father Ted?' was British actor and comedian, known for his work on various TV shows.""}]","{'model_generate': 'llama3', 'seed': 42}"
5a7dbe215542997cc2c47490,hotpotqa-distractor,WikiLeak: Inside Julian Assange's War on Secrecy tells the story of a leak by a soldier born with what full name?,Bradley Edward Manning,"{'text': 'It tells the story of Julian Assange, WikiLeaks, and the leak by Chelsea Manning (then known as Bradley) of classified material to the website in 2010. Chelsea Elizabeth Manning (born Bradley Edward Manning, December 17, 1987) is a former United States Army soldier who was convicted by court-martial in July 2013, of violations of the Espionage Act and other offenses, after disclosing to WikiLeaks nearly 750,000 classified, or unclassified but sensitive, military and diplomatic documents.', 'provenance': [{'title': ""WikiLeaks: Inside Julian Assange's War on Secrecy"", 'sent_idx': 1, 'sentence': ' It tells the story of Julian Assange, WikiLeaks, and the leak by Chelsea Manning (then known as Bradley) of classified material to the website in 2010.'}, {'title': 'Chelsea Manning', 'sent_idx': 0, 'sentence': 'Chelsea Elizabeth Manning (born Bradley Edward Manning, December 17, 1987) is a former United States Army soldier who was convicted by court-martial in July 2013, of violations of the Espionage Act and other offenses, after disclosing to WikiLeaks nearly 750,000 classified, or unclassified but sensitive, military and diplomatic documents.'}]}","[{'label': 'correct', 'text': ""The full name of the soldier who leaked classified material to WikiLeaks in 2010 is Bradley Edward Manning, also known as Chelsea Manning. This information is revealed through the story told in WikiLeak: Inside Julian Assange's War on Secrecy. The book provides insight into the life and actions of Chelsea Manning, a former United States Army soldier who was convicted for disclosing sensitive military and diplomatic documents to WikiLeaks.""}, {'label': 'incomplete', 'text': ""The full name of the soldier who leaked classified material is Bradley Edward Manning. This information can be found in WikiLeak: Inside Julian Assange's War on Secrecy, which tells the story of Chelsea Manning's actions and their impact on secrecy.""}, {'label': 'incorrect', 'text': ""The soldier born with the full name of Bradley Edward Manning was a key figure in WikiLeaks' fight against government secrecy. His leak revealed a vast array of classified information that exposed human rights abuses and corruption.""}]","{'model_generate': 'llama3', 'seed': 42}"
